id;nome;sobrenome;email;enabled;data_nascimento;vinculo;cpf;rg;endereco;cidade;genero;cep;photo;obs;telefones
1;mobile Fish;Home Loan Account Table Computer;Jadon_Streich@gmail.com;false;2019-10-10;CONJUGE;Implementation Electronics Officer;methodology Albania;Home Namibia;Steel zero administration;MASCULINO;grey Cambridgeshire;Canyon HDD;Table Small Frozen Sausages Planner;envisioneer Music Public-key
2;infomediaries;Investment Account;Alexzander.Daniel25@hotmail.com;false;2019-10-10;OUTRO;Industrial;connect Markets Chief;capacitor archive;sky blue Tasty Plastic Pizza;MASCULINO;compelling mission-critical;bifurcated scalable;Small;deliverables reinvent 24 hour
3;overriding;monitor 1080p Checking Account;Florida91@hotmail.com;true;2019-10-10;OUTRO;moratorium moratorium;New York tangible Mississippi;Frozen bus;hard drive Robust Networked;FEMININO;Small partnerships;Outdoors;Harbor Montana;Corporate Phased relationships
4;white Brand Money Market Account;Salad Web virtual;Benedict_Swaniawski@yahoo.com;false;2019-10-10;AMIGO;Fresh granular Direct;Profit-focused;Jewelery cutting-edge;Games;FEMININO;Concrete 24/7 Directives;sky blue;Kenyan Shilling robust;Versatile Exclusive Moroccan Dirham
5;capability zero tolerance Computers;Analyst paradigms;Dulce_Heathcote23@gmail.com;true;2019-10-10;OUTRO;Credit Card Account;navigate;Re-contextualized;web-enabled invoice withdrawal;MASCULINO;installation;Argentine Peso;Kentucky Algerian Dinar Clothing;open-source turn-key
6;Sausages;disintermediate Cambridgeshire hacking;Evan20@hotmail.com;true;2019-10-10;OUTRO;Macao Equatorial Guinea Vision-oriented;Agent;Human deposit;even-keeled Saint Helena Pound;MASCULINO;bypassing Marketing;Dynamic Home Loan Account Tools;Branding;Home Gloves Latvia
7;Ports Manager Fish;Networked;Chaya_Rodriguez@gmail.com;true;2019-10-10;OUTRO;withdrawal Ergonomic;Strategist target;Investor users dot-com;North Dakota Cambridgeshire;FEMININO;local Shoes;Intelligent Frozen Sausages Villages;Human;back up Factors
8;architectures;Wisconsin Facilitator Incredible;Gerda.Dicki31@gmail.com;false;2019-10-10;AMIGO;Intranet Ergonomic Concrete Soap Zambian Kwacha;Concrete Bedfordshire;portal calculating Metal;real-time discrete redundant;FEMININO;Borders;olive Handcrafted Cotton Bacon Unbranded Fresh Pants;incubate;interfaces
9;Garden Dale Wallis and Futuna;generating;Alexander3@hotmail.com;true;2019-10-10;CONJUGE;compress lavender Investment Account;backing up;Iran;Philippine Peso Metal;MASCULINO;card Licensed Cotton Ball;mindshare Gorgeous;Chips;navigating
10;Som Rustic Frozen Keyboard ROI;Benin;Christ.Okuneva63@hotmail.com;true;2019-10-10;CONJUGE;Organic;Cheese Steel;Wooden Ergonomic Steel Gloves;Developer Shoes Music;FEMININO;withdrawal Generic Frozen Tuna;Gorgeous Cotton Chair Personal Loan Account Borders;Norfolk Island Chilean Peso Unidades de fomento Checking Account;invoice Outdoors New York
